<?xml version='1.0'?>
<!--
Licensed to the Apache Software Foundation (ASF) under one
or more contributor license agreements.  See the NOTICE file
distributed with this work for additional information
regarding copyright ownership.  The ASF licenses this file
to you under the Apache License, Version 2.0 (the
"License"); you may not use this file except in compliance
with the License.  You may obtain a copy of the License at

  http://www.apache.org/licenses/LICENSE-2.0

Unless required by applicable law or agreed to in writing,
software distributed under the License is distributed on an
"AS IS" BASIS, WITHOUT WARRANTIES OR CONDITIONS OF ANY
KIND, either express or implied.  See the License for the
specific language governing permissions and limitations
under the License.
-->

<configuration xmlns:xsi="http://www.w3.org/2001/XMLSchema-instance"
               xmlns="urn:activemq"
               xsi:schemaLocation="urn:activemq /schema/artemis-server.xsd">

   <jms xmlns="urn:activemq:jms">
      <!-- Destinations used by the example -->

      <!-- The order queue -->
      <queue name="orders"/>

      <!-- The queue that prices are forwarded to before being bridged to the New York server -->
      <queue name="priceForwarding"/>

      <!-- The topic for price updates -->
      <topic name="priceUpdates"/>

      <!-- The spy topic for snooping on orders -->
      <topic name="spyTopic"/>
   </jms>

   <core xmlns="urn:activemq:core">

      <bindings-directory>./data/bindings</bindings-directory>

      <journal-directory>./data/journal</journal-directory>

      <large-messages-directory>./data/largemessages</large-messages-directory>

      <paging-directory>./data/paging</paging-directory>

      <!-- Connectors -->

      <connectors>
         <!-- This connector corresponds to the New York server -->
         <connector name="newyork-connector">tcp://localhost:61617</connector>
      </connectors>

      <!-- Acceptors -->

      <acceptors>
         <acceptor name="netty-acceptor">tcp://localhost:61616</acceptor>
      </acceptors>

      <!-- Divert configuration -->

      <!-- We need to create a core queue for the JMS queue explicitly because the bridge will be deployed
      before the JMS queue is deployed, so the first time, it otherwise won't find the queue -->
      <queues>
         <queue name="jms.queue.priceForwarding">
            <address>jms.queue.priceForwarding</address>
         </queue>
      </queues>

      <diverts>
         <divert name="order-divert">
            <routing-name>order-divert</routing-name>
            <address>jms.queue.orders</address>
            <forwarding-address>jms.topic.spyTopic</forwarding-address>
            <exclusive>false</exclusive>
         </divert>

         <divert name="prices-divert">
            <routing-name>prices-divert</routing-name>
            <address>jms.topic.priceUpdates</address>
            <forwarding-address>jms.queue.priceForwarding</forwarding-address>
            <filter string="office='New York'"/>
            <transformer-class-name>org.apache.activemq.artemis.jms.example.AddForwardingTimeTransformer
            </transformer-class-name>
            <exclusive>true</exclusive>
         </divert>
      </diverts>

      <!-- Bridge configuration -->

      <bridges>
         <bridge name="price-forward-bridge">
            <queue-name>jms.queue.priceForwarding</queue-name>
            <forwarding-address>jms.topic.newYorkPriceUpdates</forwarding-address>
            <reconnect-attempts>-1</reconnect-attempts>
            <static-connectors>
               <connector-ref>newyork-connector</connector-ref>
            </static-connectors>
         </bridge>
      </bridges>

      <!-- Other config -->

      <security-settings>
         <!--security for example -->
         <security-setting match="jms.#">
            <permission type="createDurableQueue" roles="guest"/>
            <permission type="deleteDurableQueue" roles="guest"/>
            <permission type="createNonDurableQueue" roles="guest"/>
            <permission type="deleteNonDurableQueue" roles="guest"/>
            <permission type="consume" roles="guest"/>
            <permission type="send" roles="guest"/>
         </security-setting>
      </security-settings>

   </core>
</configuration>
