﻿<?xml version="1.0" encoding="utf-8"?>
<?xml-stylesheet type="text/xsl" href="file:///C:/PROGRAM FILES (X86)/MICROSOFT VISUAL STUDIO 14.0/COMMON7/IDE/EXTENSIONS/MICROSOFT/ARCHITECTURE TOOLS/EXTENSIBILITY/Logging/CodeGenLog.xslt"?>
<Log xmlns="http://schemas.microsoft.com/VisualStudio/2010/CodeGen.RE.Log" Label="Registro de generación de código/transformación de texto">
  <MessageClass Name="Message" Label="Mensaje" Option="Mostrar mensajes informativos" />
  <MessageClass Name="Warning" Label="Advertencia" Option="Mostrar advertencias" />
  <MessageClass Name="Error" Label="Error" Option="Mostrar errores" />
  <MessageClass Name="Property" Label="Propiedad" Option="Mostrar metadatos" />
  <MessageClass Name="Diagnostic" Label="Mensaje" Option="Mostrar mensajes de diagnóstico" />
  <Message Timestamp="2017-09-25T18:48:04" Importance="High" Text="Se inició la generación de código o la transformación de texto." />
  <Message Timestamp="2017-09-25T18:48:04" Importance="Diagnostic" Text="Nombre = ClassTemplate" />
  <Message Timestamp="2017-09-25T18:48:04" Importance="Diagnostic" Text="Sobrescribir = True" />
  <Message Timestamp="2017-09-25T18:48:04" Importance="Diagnostic" Text="ProjectPath = ..\VehicleRental.DesignModelLib\VehicleRental.DesignModelLib.csproj" />
  <Message Timestamp="2017-09-25T18:48:04" Importance="Diagnostic" Text="TargetDirectory = GeneratedCode\{PackageStructure}" />
  <Message Timestamp="2017-09-25T18:48:04" Importance="Diagnostic" Text="TargetName = {Name}" />
  <Message Timestamp="2017-09-25T18:48:04" Importance="Diagnostic" Text="TemplateFilePath = C:\PROGRAM FILES (X86)\MICROSOFT VISUAL STUDIO 14.0\COMMON7\IDE\EXTENSIONS\MICROSOFT\ARCHITECTURE TOOLS\EXTENSIBILITY\Templates\Text\ClassTemplate.t4" />
  <Message Timestamp="2017-09-25T18:48:04" Importance="Diagnostic" Text="ResolvedTemplateFilePath = C:\PROGRAM FILES (X86)\MICROSOFT VISUAL STUDIO 14.0\COMMON7\IDE\EXTENSIONS\MICROSOFT\ARCHITECTURE TOOLS\EXTENSIBILITY\Templates\Text\ClassTemplate.t4" />
  <Message Timestamp="2017-09-25T18:48:04" Importance="Medium" Text="Enlace de plantilla de texto de VehicleRental.DesignModel: 'ClassTemplate' aplicará ClassTemplate.t4 a: 'VehicleRental.DesignModel::VehicleRental.Entities::BranchOffice' -  (Class), 'VehicleRental.DesignModel::VehicleRental.Entities::Reservation' -  (Class), 'VehicleRental.DesignModel::VehicleRental.Entities::Person' -  (Class), 'VehicleRental.DesignModel::VehicleRental.Entities::Category' -  (Class), 'VehicleRental.DesignModel::VehicleRental.Entities::Customer' -  (Class), 'VehicleRental.DesignModel::VehicleRental.Entities::CreditCard' -  (Class) " />
  <Message Timestamp="2017-09-25T18:48:05" Importance="Medium" Text="'VehicleRental.DesignModel::VehicleRental.Entities::BranchOffice' -  (Class): correcto (archivo reemplazado) - D:\Workspace\ISW\Visual Studio 2015\VehicleRental_ISW_2017\VehicleRental.DesignModelLib\GeneratedCode\VehicleRental.Entities\BranchOffice.cs" />
  <Message Timestamp="2017-09-25T18:48:05" Importance="Medium" Text="'VehicleRental.DesignModel::VehicleRental.Entities::Reservation' -  (Class): correcto (archivo reemplazado) - D:\Workspace\ISW\Visual Studio 2015\VehicleRental_ISW_2017\VehicleRental.DesignModelLib\GeneratedCode\VehicleRental.Entities\Reservation.cs" />
  <Message Timestamp="2017-09-25T18:48:05" Importance="Medium" Text="'VehicleRental.DesignModel::VehicleRental.Entities::Person' -  (Class): correcto (archivo reemplazado) - D:\Workspace\ISW\Visual Studio 2015\VehicleRental_ISW_2017\VehicleRental.DesignModelLib\GeneratedCode\VehicleRental.Entities\Person.cs" />
  <Message Timestamp="2017-09-25T18:48:05" Importance="Medium" Text="'VehicleRental.DesignModel::VehicleRental.Entities::Category' -  (Class): correcto (archivo reemplazado) - D:\Workspace\ISW\Visual Studio 2015\VehicleRental_ISW_2017\VehicleRental.DesignModelLib\GeneratedCode\VehicleRental.Entities\Category.cs" />
  <Message Timestamp="2017-09-25T18:48:05" Importance="Medium" Text="'VehicleRental.DesignModel::VehicleRental.Entities::Customer' -  (Class): correcto (archivo reemplazado) - D:\Workspace\ISW\Visual Studio 2015\VehicleRental_ISW_2017\VehicleRental.DesignModelLib\GeneratedCode\VehicleRental.Entities\Customer.cs" />
  <Message Timestamp="2017-09-25T18:48:05" Importance="Medium" Text="'VehicleRental.DesignModel::VehicleRental.Entities::CreditCard' -  (Class): correcto (archivo reemplazado) - D:\Workspace\ISW\Visual Studio 2015\VehicleRental_ISW_2017\VehicleRental.DesignModelLib\GeneratedCode\VehicleRental.Entities\CreditCard.cs" />
  <Message Timestamp="2017-09-25T18:48:05" Importance="Diagnostic" Text="Nombre = StructTemplate" />
  <Message Timestamp="2017-09-25T18:48:05" Importance="Diagnostic" Text="Sobrescribir = True" />
  <Message Timestamp="2017-09-25T18:48:05" Importance="Diagnostic" Text="ProjectPath = ..\VehicleRental.DesignModelLib\VehicleRental.DesignModelLib.csproj" />
  <Message Timestamp="2017-09-25T18:48:05" Importance="Diagnostic" Text="TargetDirectory = GeneratedCode\{PackageStructure}" />
  <Message Timestamp="2017-09-25T18:48:05" Importance="Diagnostic" Text="TargetName = {Name}" />
  <Message Timestamp="2017-09-25T18:48:05" Importance="Diagnostic" Text="TemplateFilePath = C:\PROGRAM FILES (X86)\MICROSOFT VISUAL STUDIO 14.0\COMMON7\IDE\EXTENSIONS\MICROSOFT\ARCHITECTURE TOOLS\EXTENSIBILITY\Templates\Text\StructTemplate.t4" />
  <Message Timestamp="2017-09-25T18:48:05" Importance="Diagnostic" Text="ResolvedTemplateFilePath = C:\PROGRAM FILES (X86)\MICROSOFT VISUAL STUDIO 14.0\COMMON7\IDE\EXTENSIONS\MICROSOFT\ARCHITECTURE TOOLS\EXTENSIBILITY\Templates\Text\StructTemplate.t4" />
  <Message Timestamp="2017-09-25T18:48:05" Importance="Medium" Text="Enlace de plantilla de texto de VehicleRental.DesignModel: 'StructTemplate' aplicará StructTemplate.t4 a: 'VehicleRental.DesignModel::VehicleRental.Entities::BranchOffice' -  (Class), 'VehicleRental.DesignModel::VehicleRental.Entities::Reservation' -  (Class), 'VehicleRental.DesignModel::VehicleRental.Entities::Person' -  (Class), 'VehicleRental.DesignModel::VehicleRental.Entities::Category' -  (Class), 'VehicleRental.DesignModel::VehicleRental.Entities::Customer' -  (Class), 'VehicleRental.DesignModel::VehicleRental.Entities::CreditCard' -  (Class) " />
  <Message Timestamp="2017-09-25T18:48:05" Importance="Diagnostic" Text="'VehicleRental.DesignModel::VehicleRental.Entities::BranchOffice' -  (Class): no se generó ningún archivo porque el método 'AppliesToElement' de la plantilla 'StructTemplate.t4' se evaluó como false." />
  <Message Timestamp="2017-09-25T18:48:05" Importance="Diagnostic" Text="'VehicleRental.DesignModel::VehicleRental.Entities::Reservation' -  (Class): no se generó ningún archivo porque el método 'AppliesToElement' de la plantilla 'StructTemplate.t4' se evaluó como false." />
  <Message Timestamp="2017-09-25T18:48:05" Importance="Diagnostic" Text="'VehicleRental.DesignModel::VehicleRental.Entities::Person' -  (Class): no se generó ningún archivo porque el método 'AppliesToElement' de la plantilla 'StructTemplate.t4' se evaluó como false." />
  <Message Timestamp="2017-09-25T18:48:05" Importance="Diagnostic" Text="'VehicleRental.DesignModel::VehicleRental.Entities::Category' -  (Class): no se generó ningún archivo porque el método 'AppliesToElement' de la plantilla 'StructTemplate.t4' se evaluó como false." />
  <Message Timestamp="2017-09-25T18:48:05" Importance="Diagnostic" Text="'VehicleRental.DesignModel::VehicleRental.Entities::Customer' -  (Class): no se generó ningún archivo porque el método 'AppliesToElement' de la plantilla 'StructTemplate.t4' se evaluó como false." />
  <Message Timestamp="2017-09-25T18:48:05" Importance="Diagnostic" Text="'VehicleRental.DesignModel::VehicleRental.Entities::CreditCard' -  (Class): no se generó ningún archivo porque el método 'AppliesToElement' de la plantilla 'StructTemplate.t4' se evaluó como false." />
  <Message Timestamp="2017-09-25T18:48:05" Importance="Diagnostic" Text="La selección incluía 1 elementos que no estaban enlazados a una plantilla." />
  <Message Timestamp="2017-09-25T18:48:05" Importance="Diagnostic" Text="'VehicleRental.DesignModel::VehicleRental.Entities' -  (Package): sin plantilla enlazada." />
  <Message Timestamp="2017-09-25T18:48:05" Importance="High" Text="Generación de código completa. Errores: 0. Advertencias: 0." />
</Log>