<?xml version='1.0'?>
<!--
Licensed to the Apache Software Foundation (ASF) under one
or more contributor license agreements.  See the NOTICE file
distributed with this work for additional information
regarding copyright ownership.  The ASF licenses this file
to you under the Apache License, Version 2.0 (the
"License"); you may not use this file except in compliance
with the License.  You may obtain a copy of the License at

  http://www.apache.org/licenses/LICENSE-2.0

Unless required by applicable law or agreed to in writing,
software distributed under the License is distributed on an
"AS IS" BASIS, WITHOUT WARRANTIES OR CONDITIONS OF ANY
KIND, either express or implied.  See the License for the
specific language governing permissions and limitations
under the License.
-->

<configuration xmlns:xsi="http://www.w3.org/2001/XMLSchema-instance"
               xmlns="urn:activemq"
               xsi:schemaLocation="urn:activemq /schema/artemis-server.xsd">

   <jms xmlns="urn:activemq:jms">
      <!--the queue used by the example-->
      <queue name="exampleQueue"/>
   </jms>

   <core xmlns="urn:activemq:core">

      <bindings-directory>./data/bindings</bindings-directory>

      <journal-directory>./data/journal</journal-directory>

      <large-messages-directory>./data/largemessages</large-messages-directory>

      <paging-directory>./data/paging</paging-directory>

      <!-- Connectors -->
      <connectors>
         <connector name="invm-connector">vm://0</connector>
         <connector name="netty-connector">tcp://localhost:61617</connector>
      </connectors>

      <!-- Acceptors -->
      <acceptors>
         <acceptor name="invm-acceptor">vm://0</acceptor>
         <acceptor name="netty-acceptor">tcp://localhost:61617</acceptor>
      </acceptors>

      <!-- Clustering configuration -->
      <broadcast-groups>
         <broadcast-group name="my-broadcast-group">
            <group-address>${udp-address:231.7.7.7}</group-address>
            <group-port>9876</group-port>
            <broadcast-period>100</broadcast-period>
            <connector-ref>netty-connector</connector-ref>
         </broadcast-group>
      </broadcast-groups>

      <discovery-groups>
         <discovery-group name="my-discovery-group">
            <group-address>${udp-address:231.7.7.7}</group-address>
            <group-port>9876</group-port>
            <refresh-timeout>10000</refresh-timeout>
         </discovery-group>
      </discovery-groups>

      <cluster-connections>
         <cluster-connection name="my-cluster">
            <address>jms</address>
            <connector-ref>netty-connector</connector-ref>
            <retry-interval>500</retry-interval>
            <!-- since the backup servers scale down we need a sensible setting here so the bridge will stop -->
            <reconnect-attempts>5</reconnect-attempts>
            <use-duplicate-detection>true</use-duplicate-detection>
            <message-load-balancing>STRICT</message-load-balancing>
            <max-hops>1</max-hops>
            <discovery-group-ref discovery-group-name="my-discovery-group"/>
         </cluster-connection>
      </cluster-connections>

      <!-- a colocated server that will allow shared store backups to be requested, the default for this template is to scale down-->
      <ha-policy>
         <shared-store>
            <colocated>
               <backup-port-offset>100</backup-port-offset>
               <backup-request-retries>-1</backup-request-retries>
               <backup-request-retry-interval>2000</backup-request-retry-interval>
               <max-backups>1</max-backups>
               <request-backup>true</request-backup>
               <master/>
               <slave>
                  <scale-down/>
               </slave>
            </colocated>
         </shared-store>
      </ha-policy>

      <!-- Other config -->

      <security-settings>
         <!--security for example queue-->
         <security-setting match="jms.queue.exampleQueue">
            <permission type="createDurableQueue" roles="guest"/>
            <permission type="deleteDurableQueue" roles="guest"/>
            <permission type="createNonDurableQueue" roles="guest"/>
            <permission type="deleteNonDurableQueue" roles="guest"/>
            <permission type="consume" roles="guest"/>
            <permission type="send" roles="guest"/>
         </security-setting>
         <security-setting match="jms.queue.activemq.management.#">
            <permission type="createDurableQueue" roles="guest"/>
            <permission type="deleteDurableQueue" roles="guest"/>
            <permission type="createNonDurableQueue" roles="guest"/>
            <permission type="deleteNonDurableQueue" roles="guest"/>
            <permission type="consume" roles="guest"/>
            <permission type="send" roles="guest"/>
         </security-setting>
         <security-setting match="jms.queue.activemq.management">
            <permission type="manage" roles="guest"/>
         </security-setting>
      </security-settings>

   </core>
</configuration>
