<!--
  ~ Licensed to the Apache Software Foundation (ASF) under one or more
  ~ contributor license agreements. See the NOTICE file distributed with
  ~ this work for additional information regarding copyright ownership.
  ~ The ASF licenses this file to You under the Apache License, Version 2.0
  ~ (the "License"); you may not use this file except in compliance with
  ~ the License. You may obtain a copy of the License at
  ~
  ~     http://www.apache.org/licenses/LICENSE-2.0
  ~
  ~ Unless required by applicable law or agreed to in writing, software
  ~ distributed under the License is distributed on an "AS IS" BASIS,
  ~ WITHOUT WARRANTIES OR CONDITIONS OF ANY KIND, either express or implied.
  ~ See the License for the specific language governing permissions and
  ~ limitations under the License.
  -->

<configuration xmlns:xsi="http://www.w3.org/2001/XMLSchema-instance"
               xmlns="urn:activemq"
               xsi:schemaLocation="urn:activemq /schema/artemis-server.xsd">

   <jms xmlns="urn:activemq:jms">
      <!--the queue used by the example-->
      <queue name="exampleQueue"/>
   </jms>

   <core xmlns="urn:activemq:core">

      <bindings-directory>./data/bindings</bindings-directory>

      <journal-directory>./data/journal</journal-directory>

      <large-messages-directory>./data/largemessages</large-messages-directory>

      <paging-directory>./data/paging</paging-directory>

      <!-- Connectors -->
      <connectors>
         <connector name="netty-connector">tcp://localhost:61617</connector>
         <!-- connector to the server0 -->
         <connector name="server2-connector">tcp://localhost:61618</connector>
      </connectors>

      <!-- Acceptors -->
      <acceptors>
         <acceptor name="netty-acceptor">tcp://localhost:61617</acceptor>
      </acceptors>

      <!-- Clustering configuration -->
      <cluster-connections>
         <cluster-connection name="my-cluster">
            <address>jms</address>
            <connector-ref>netty-connector</connector-ref>
            <retry-interval>500</retry-interval>
            <use-duplicate-detection>true</use-duplicate-detection>
            <message-load-balancing>STRICT</message-load-balancing>
            <max-hops>2</max-hops>
            <static-connectors allow-direct-connections-only="true">
               <connector-ref>server2-connector</connector-ref>
            </static-connectors>
         </cluster-connection>
      </cluster-connections>

      <!-- Other config -->

      <security-settings>
         <!--security for example queue-->
         <security-setting match="jms.queue.exampleQueue">
            <permission type="createDurableQueue" roles="guest"/>
            <permission type="deleteDurableQueue" roles="guest"/>
            <permission type="createNonDurableQueue" roles="guest"/>
            <permission type="deleteNonDurableQueue" roles="guest"/>
            <permission type="consume" roles="guest"/>
            <permission type="send" roles="guest"/>
         </security-setting>
      </security-settings>

   </core>
</configuration>
