<OpenNI>
  <Licenses>
    <License vendor="PrimeSense" key="0KOIk2JeIBYClPWVnMoRKn5cdY4="/>
  </Licenses>
  <Log writeToConsole="false" writeToFile="false">
    <!-- 0 - Verbose, 1 - Info, 2 - Warning, 3 - Error (default) -->
    <LogLevel value="1"/>
    <Masks>
      <Mask name="ALL" on="true"/>
    </Masks>
    <Dumps>
    </Dumps>
  </Log>
  <ProductionNodes>
  
    <!-- Set global mirror -->
    <GlobalMirror on="true"/>
    
    <!-- Create a depth node and give it a name alias -->
    <Node type="Depth" name="Depth">
      <Configuration>
        <MapOutputMode xRes="640" yRes="480" FPS="30"/> 
      </Configuration>
    </Node>    
    
    <!-- Create an image node. If it fails, continue anyway. -->
    <Node type="Image" stopOnError="false" />
  </ProductionNodes>
</OpenNI> 
